URL	Label	Label	Label	Label	Score
*.unstableontology.com/*	_cse_tgoyrxzwiha	rationality			
*.rulerstothesky.com/*	_cse_tgoyrxzwiha	rationality			
relentlessdawn.wordpress.com/*	_cse_tgoyrxzwiha	rationality			
www.petermichaud.com/*	_cse_tgoyrxzwiha	rationality			
ordinaryideas.wordpress.com/*	_cse_tgoyrxzwiha	rationality			
offsettingbehaviour.blogspot.com/*	_cse_tgoyrxzwiha	rationality			
mindlevelup.wordpress.com/*	_cse_tgoyrxzwiha	rationality			
*.themindsui.com/*	_cse_tgoyrxzwiha	rationality			
*.malcolmocean.com/*	_cse_tgoyrxzwiha	rationality			
judgmentmisguided.blogspot.com/*	_cse_tgoyrxzwiha	rationality			
frustrateddemiurge.tumblr.com/*	_cse_tgoyrxzwiha	rationality			
*.johnsalvatier.org/*	_cse_tgoyrxzwiha	rationality			
*.ferocioustruth.com/*	_cse_tgoyrxzwiha	rationality			
*.jasoncollins.org/*	_cse_tgoyrxzwiha	rationality			
curiositycontinuer.wordpress.com/*	_cse_tgoyrxzwiha	rationality			
*.acritch.com/*	_cse_tgoyrxzwiha	rationality			
*.eukaryotewritesblog.com/*	_cse_tgoyrxzwiha				
mhollyelmoreblog.wordpress.com/*	_cse_tgoyrxzwiha				
*.becomingeden.com/*	_cse_tgoyrxzwiha	rationality			
*.juliagalef.com/*	_cse_tgoyrxzwiha	rationality			
*.weird.solar/*	_cse_tgoyrxzwiha				
thingofthings.wordpress.com/*	_cse_tgoyrxzwiha	effective_altruism			
*.ribbonfarm.com/*	_cse_tgoyrxzwiha				
*.meltingasphalt.com/*	_cse_tgoyrxzwiha				
infoproc.blogspot.com/*	_cse_tgoyrxzwiha				
www.unz.com/gnxp/*	_cse_tgoyrxzwiha				
psychiatrist-blog.blogspot.com/*	_cse_tgoyrxzwiha				
real-psychiatry.blogspot.com/*	_cse_tgoyrxzwiha				
*.gruntledandhinged.com/*	_cse_tgoyrxzwiha				
cognitionandevolution.blogspot.com/*	_cse_tgoyrxzwiha				
*.acesounderglass.com/*	_cse_tgoyrxzwiha	effective_altruism			
*.1boringoldman.com/*	_cse_tgoyrxzwiha				
*.popehat.com/*	_cse_tgoyrxzwiha				
daviddfriedman.blogspot.com/*	_cse_tgoyrxzwiha	economics			
esr.ibiblio.org/*	_cse_tgoyrxzwiha				
*.xenosystems.net/*	_cse_tgoyrxzwiha				
westhunt.wordpress.com/*	_cse_tgoyrxzwiha				
*.thefutureprimaeval.net/*	_cse_tgoyrxzwiha				
*.mindingourway.com/*	_cse_tgoyrxzwiha	rationality			
agentyduck.blogspot.com/*	_cse_tgoyrxzwiha	rationality			
thewholesky.wordpress.com/*	_cse_tgoyrxzwiha				
wholehealthsource.blogspot.com/*	_cse_tgoyrxzwiha				
unqualifiedrestaurants.tumblr.com/*	_cse_tgoyrxzwiha				
fredrikdeboer.com/anova/*	_cse_tgoyrxzwiha				
*.themoneyillusion.com/*	_cse_tgoyrxzwiha	economics			
*.pseudoerasmus.com/*	_cse_tgoyrxzwiha	economics			
*.nintil.com/*	_cse_tgoyrxzwiha				
followthesquirrel.blogspot.com/*	_cse_tgoyrxzwiha				
anonymousmugwump.blogspot.co.uk/*	_cse_tgoyrxzwiha				
themerelyreal.wordpress.com/*	_cse_tgoyrxzwiha				
theunitofcaring.tumblr.com/*	_cse_tgoyrxzwiha	effective_altruism			
*.nothingismere.com/*	_cse_tgoyrxzwiha				
the-orbit.net/brutereason/*	_cse_tgoyrxzwiha				
*.intelligence.org/*	_cse_tgoyrxzwiha	effective_altruism	rationality		
unenumerated.blogspot.com/*	_cse_tgoyrxzwiha				
*.andrewgelman.com/*	_cse_tgoyrxzwiha				
*.scottaaronson.com/*	_cse_tgoyrxzwiha				
randomcriticalanalysis.wordpress.com/*	_cse_tgoyrxzwiha				
*.putanumonit.com/*	_cse_tgoyrxzwiha	rationality			
*.jaibot.com/*	_cse_tgoyrxzwiha	effective_altruism	rationality		
*.commonsenseatheism.com/*	_cse_tgoyrxzwiha	rationality			
*.thelastpsychiatrist.com/*	_cse_tgoyrxzwiha				
thezvi.wordpress.com/*	_cse_tgoyrxzwiha				
entirelyuseless.wordpress.com/*	_cse_tgoyrxzwiha				
*.owl232.net/*	_cse_tgoyrxzwiha	economics	rationality		
*.mindsarentmagic.org/*	_cse_tgoyrxzwiha	rationality			
*.givingwhatwecan.org/*	_cse_tgoyrxzwiha	effective_altruism			
*.80000hours.org/*	_cse_tgoyrxzwiha	effective_altruism			
*.effectivealtruismhub.com/*	_cse_tgoyrxzwiha	effective_altruism			
www.givinggladly.com/*	_cse_tgoyrxzwiha	effective_altruism			
*.arbital.com/*	_cse_tgoyrxzwiha	effective_altruism	rationality		
www.github.com/vipulnaik/*	_cse_tgoyrxzwiha	effective_altruism			
*.predictionbook.com/*	_cse_tgoyrxzwiha	rationality			
thinkingbeyondcompetition.wordpress.com/*	_cse_tgoyrxzwiha	economics			
github.com/riceissa*	_cse_tgoyrxzwiha				
github.com/vipulnaik/contractwork*	_cse_tgoyrxzwiha	effective_altruism			
medium.com/lessons-from-mckinsey/*	_cse_tgoyrxzwiha	rationality			
*.openborders.info/*	_cse_tgoyrxzwiha	economics			
*.zackmdavis.net/*	_cse_tgoyrxzwiha				
*.rationalconspiracy.com/*	_cse_tgoyrxzwiha	effective_altruism	rationality		
*.jefftk.com/*	_cse_tgoyrxzwiha	effective_altruism	rationality		
www.reddit.com/r/smartgiving/*	_cse_tgoyrxzwiha	effective_altruism			
www.reddit.com/r/EffectiveAltruism/*	_cse_tgoyrxzwiha	effective_altruism			
reddit.com/r/smartgiving*	_cse_tgoyrxzwiha	effective_altruism			
reddit.com/r/EffectiveAltruism*	_cse_tgoyrxzwiha	effective_altruism			
*.cognitomentoring.org/*	_cse_tgoyrxzwiha	effective_altruism	rationality		
learning.subwiki.org/*	_cse_tgoyrxzwiha	rationality			
market.subwiki.org/*	_cse_tgoyrxzwiha	economics			
medium.com/ai-control/*	_cse_tgoyrxzwiha	rationality			
*.sideways-view.com/*	_cse_tgoyrxzwiha	economics	effective_altruism	rationality	
ordinaryideas.wordpress.com/*	_cse_tgoyrxzwiha	effective_altruism	rationality		
*.rationalaltruist.com/*	_cse_tgoyrxzwiha	effective_altruism	rationality		
*.aiimpacts.org/*	_cse_tgoyrxzwiha	effective_altruism	rationality		
econfaculty.gmu.edu/bcaplan/*	_cse_tgoyrxzwiha	economics			
mason.gmu.edu/*	_cse_tgoyrxzwiha	economics	rationality		
docs.google.com/document/d/1_yuuheVqp1quDfkuRcpoW_HO7jPaI7QnRjF1zl_VovU*	_cse_tgoyrxzwiha	effective_altruism	rationality		
www.fhi.ox.ac.uk/*	_cse_tgoyrxzwiha	effective_altruism			
*.everydayutilitarian.com/*	_cse_tgoyrxzwiha	effective_altruism			
peterhurford.tumblr.com/*	_cse_tgoyrxzwiha	effective_altruism			
*.peterhurford.com/*	_cse_tgoyrxzwiha	effective_altruism			
meteuphoric.wordpress.com/*	_cse_tgoyrxzwiha	effective_altruism	rationality		
*.overcomingbias.com/*	_cse_tgoyrxzwiha	economics	effective_altruism	rationality	
*.nickbostrom.com/*	_cse_tgoyrxzwiha	effective_altruism	rationality		
*.reducing-suffering.org/*	_cse_tgoyrxzwiha	effective_altruism			
*.foundational-research.org/*	_cse_tgoyrxzwiha	effective_altruism	rationality		
*.briantomasik.com/*	_cse_tgoyrxzwiha	effective_altruism	rationality		
*.yudkowsky.net/*	_cse_tgoyrxzwiha	rationality			
yudkowsky.tumblr.com/*	_cse_tgoyrxzwiha	rationality			
*.lukemuehlhauser.com/*	_cse_tgoyrxzwiha	effective_altruism	rationality		
*.mdickens.me/*	_cse_tgoyrxzwiha	effective_altruism	rationality		
*.benjaminrosshoffman.com/*	_cse_tgoyrxzwiha	effective_altruism	rationality		1.000000
*.openphilanthropy.org/*	_cse_tgoyrxzwiha	effective_altruism			
*.givewell.org/*	_cse_tgoyrxzwiha	effective_altruism			
*.marginalrevolution.com/*	_cse_tgoyrxzwiha	economics			
econlog.econlib.org/*	_cse_tgoyrxzwiha	economics			
*.issarice.com/*	_cse_tgoyrxzwiha	effective_altruism	rationality		
celandine13.livejournal.com/*	_cse_tgoyrxzwiha	rationality			
srconstantin.livejournal.com/*	_cse_tgoyrxzwiha	rationality			
squid314.livejournal.com/*	_cse_tgoyrxzwiha	effective_altruism	rationality		
srconstantin.wordpress.com/*	_cse_tgoyrxzwiha	rationality			
web.archive.org/web/*/lesswrong.com/*	_cse_tgoyrxzwiha	rationality			
eahub.org/*	_cse_tgoyrxzwiha	effective_altruism			
*.gwern.net/*	_cse_tgoyrxzwiha	rationality			1.000000
*.effective-altruism.com/*	_cse_tgoyrxzwiha	effective_altruism			1.000000
vipulnaik.com/*	_cse_tgoyrxzwiha	effective_altruism	rationality		
reflectivedisequilibrium.blogspot.com/*	_cse_tgoyrxzwiha	effective_altruism			1.000000
slatestarcodex.com/*	_cse_tgoyrxzwiha	effective_altruism	rationality		
concepts.effectivealtruism.org/*	_cse_tgoyrxzwiha	effective_altruism			
*.lesswrong.com/*	_cse_tgoyrxzwiha	rationality			1.000000
*.riceissa.com/*	_cse_n1z--2jnqbo				1.000000
