service,service_url,account_name,account_url,subject_area,sphere,service_type,join_date,current_activity_as_consumer,current_activity_as_producer,total_activity_as_consumer,total_activity_as_producer,notes
Personal website,https://www.linode.com/,issarice.com,https://issarice.com,Various,Mainstream,Static website,2014-09-14,1,2,2,2,"This is my personal website. The service column link goes to Linode, which hosts the site."
Gmail,https://mail.google.com,riceissa,mailto:riceissa@gmail.com,Various,Mainstream,Email,2010-10-19,2,2,2,2,This is my primary email address.
Facebook,https://www.facebook.com/,riceissa,https://www.facebook.com/riceissa,Various,Mainstream,Social media,2014-03-29,2,0,2,2,This is the primary social networking service I use. I check Facebook a couple of times each day. I generally accept all friend requests that don’t appear to be spam; having some mutual friends or messaging me simultaneously with your friend request will let me know that your profile is genuine.
Messenger,https://www.messenger.com,riceissa,https://www.messenger.com/t/riceissa,Various,Mainstream,Messaging,2014-03-29,2,2,2,2,"This account is technically tied to my Facebook account. These days I have Messenger open all the time while I work, and only periodically check Facebook."
GitHub,https://github.com/,riceissa,https://github.com/riceissa/,Programming,Technology,Code repository,2012-02-18,2,2,2,2,"My primary code (and other work) repository. GitHub also has a pastebin service called Gist, which I use. You can see my <a href=""https://gist.github.com/riceissa"">public gists</a>."
Timelines Wiki,https://timelines.issarice.com/wiki/Main_Page,Issa,https://timelines.issarice.com/wiki/User:Issa,Various,Vipul Naik,Wiki,2017-03-12,2,2,2,2,I host this site. The site was created after Vipul Naik’s paid editing project on the English Wikipedia was shut down.
Cause Prioritization Wiki,https://causeprioritization.org/,Issa Rice,https://causeprioritization.org/_activity?forUser=Issa%20Rice,Altruism,EA/R,Wiki,2014-11-28,1,1,2,2,"I host this wiki. I originally used “<a href=""https://causeprioritization.org/_activity?forUser=issa"">issa</a>” as my account, but gitit, the software that runs the wiki, uses the committer name (in my case, “Issa Rice”, as I have Git configured to use my real name) as the account name for offline edits. Seeing this, I decided to start using “Issa Rice” for online edits as well, but continued using the “issa” account as well."
Content Creation Wiki,http://contentcreation.issarice.com/,riceissa,https://github.com/riceissa/contentcreation/commits?author=riceissa,Content creation,Vipul Naik,Wiki,2017-07-02,1,2,1,2,I am the maintainer of this wiki. The wiki is hosted through GitHub Pages so technically the account is the same as my GitHub account.
Quora,https://www.quora.com/,Issa-Rice,https://www.quora.com/Issa-Rice,Various,Mainstream,Question and answer,2014-01-01,2,1,2,2,"It looks like I joined right after contacting Cognito Mentoring, possibly even to read the Quora answers Cognito Mentoring linked to me. The date is the earliest email I have from Quora, so it is possible I joined a little earlier. I followed my first question on February 20, 2014."
LessWrong,http://lesswrong.com/,riceissa,http://lesswrong.com/user/riceissa/overview/,Rationality,EA/R,Discussion,2012-07-10,1,0,2,1,"The join date is my best guess based on public activity. The first mention of LessWrong in my email record is from 2011-10-29."
LessWrong Wiki,https://wiki.lesswrong.com/wiki/LessWrong_Wiki,Riceissa,https://wiki.lesswrong.com/wiki/Special:Contributions/Riceissa,Rationality,EA/R,Wiki,2013-02-15,2,0,2,0,
Effective Altruism Forum,http://effective-altruism.com/,riceissa,http://effective-altruism.com/user/riceissa/,Altruism,EA/R,Discussion,2014-09-10,2,0,2,1,
Effective Altruism Hub,https://eahub.org/,issa-rice,http://effectivealtruismhub.com/user/issa-rice,Altruism,EA/R,Social media,2014-11-08,,,,,
English Wikipedia,https://en.wikipedia.org/wiki/Main_Page,Riceissa,https://en.wikipedia.org/wiki/User:Riceissa,Various,Mainstream,Wiki,2014-02-02,2,0,2,2,
Japanese Wikipedia,https://ja.wikipedia.org/wiki/%E3%83%A1%E3%82%A4%E3%83%B3%E3%83%9A%E3%83%BC%E3%82%B8,Riceissa,https://ja.wikipedia.org/wiki/%E7%89%B9%E5%88%A5:%E6%8A%95%E7%A8%BF%E8%A8%98%E9%8C%B2/Riceissa,Various,Mainstream,Wiki,2014-08-30,,,,,
WikiMedia Meta Wiki,https://meta.wikimedia.org/wiki/Main_Page,Riceissa,https://meta.wikimedia.org/wiki/Special:Contributions/Riceissa,Various,Mainstream,Wiki,2014-02-02,,,,,
Wikidata,https://www.wikidata.org/wiki/Wikidata:Main_Page,Riceissa,https://www.wikidata.org/wiki/Special:Contributions/Riceissa,Various,Technology,Wiki,2014-02-02,,,,,
Wikiquote,https://en.wikiquote.org/wiki/Main_Page,Riceissa,https://en.wikiquote.org/wiki/Special:Contributions/Riceissa,Various,Mainstream,Wiki,2014-02-02,,,,,My first contribution is on 2017-07-14.
Wikibooks,https://en.wikibooks.org/wiki/Main_Page,Riceissa,https://en.wikibooks.org/wiki/Special:Contributions/Riceissa,Various,Mainstream,Wiki,2014-02-02,,,,,My first contribution is on 2014-08-30.
MediaWiki,https://www.mediawiki.org/,Riceissa,https://www.mediawiki.org/wiki/Special:Contributions/Riceissa,Programming,Technology,Wiki,2014-02-02,,,,,My first contribution is on 2015-04-11.
WikiMedia Commons,https://commons.wikimedia.org/wiki/Main_Page,Riceissa,https://commons.wikimedia.org/wiki/Special:Contributions/Riceissa,Various,Mainstream,Wiki,2014-02-02,,,,,My first contribution is on 2016-07-28.
WikiMedia Global accout,https://meta.wikimedia.org/wiki/Main_Page,Riceissa,https://meta.wikimedia.org/wiki/Special:CentralAuth/Riceissa,Various,Mainstream,Wiki,2014-02-02,0,0,0,0,This is the account that holds all my other Wikipedia-related accounts.
WikiMedia Analytics mailing list,https://lists.wikimedia.org/mailman/listinfo/analytics,riceissa@gmail.com,https://www.mail-archive.com/search?l=analytics@lists.wikimedia.org&q=from:%22Issa+Rice%22,Content creation,Vipul Naik,Mailing list,2016-05-31,,,,,"The mailing list has official <a href=""https://lists.wikimedia.org/pipermail/analytics/"">public logs</a> but these are not easily searchable, so the link to my account is to a third party service. You can also try a <a href=""https://www.google.com/search?hl=en&q=%22analytics%40lists.wikimedia.org%22%20%22Issa%20Rice%22"">Google search</a>."
wikiHow,http://www.wikihow.com/Main-Page,Issa Rice,http://www.wikihow.com/User:Issa-Rice,Various,Mainstream,Wiki,2015-09-12,,,,,
Pinboard,https://pinboard.in/,riceissa,https://pinboard.in/u:riceissa,Various,Mainstream,Social bookmarking,2015-10-10,0,0,2,1,I tested out Pinboard for a year and didn’t renew my payment afterward so it is now frozen.
LinkedIn,https://www.linkedin.com/,issarice,https://www.linkedin.com/in/issarice,Networking,Mainstream,Social media,2014-06-27,2,0,2,1,"I don’t use LinkedIn much, but feel free to connect with me."
Twitter,https://twitter.com/,riceissa,https://twitter.com/riceissa,Various,Mainstream,Social media,2013-06-11,2,0,2,1,"I don’t use Twitter much, and when I do it’s mostly to read what others have tweeted."
Pinterest,https://www.pinterest.com/,riceissa,https://www.pinterest.com/riceissa/,Various,Mainstream,Social bookmarking,2017-02-18,0,0,0,0,I created the account after making additions to the <a href=""https://en.wikipedia.org/w/index.php?title=Timeline_of_Pinterest&action=history&year=2017&month=2&tagfilter="">Timeline of Pinterest</a> page on Wikipedia---I got curious about the site and decided to play around.
Patreon,https://www.patreon.com/,issarice,https://www.patreon.com/issarice,,EA/R,Funding,2015-09-06,,,,,
Gratipay,,,,,,,,,,,,
Medium,riceissa,https://medium.com/@riceissa,,,2017-08-20,,,,,,,
PredictionBook,https://predictionbook.com/,riceissa,http://predictionbook.com/users/riceissa,Forecasting,EA/R,Prediction,2017-01-02,,,,,"The join date is my best guess based on public activity. I’ve known about PredictionBook since 2014 or earlier, but for some reason didn’t sign up until much later."
Good Judgment Open,https://www.gjopen.com/,IssaRice,https://www.gjopen.com/memberships/30211/scores,Forecasting,EA/R,Prediction,2016-11-12,,,,,
Bitbucket,https://bitbucket.org,riceissa,https://bitbucket.org/riceissa,Programming,Technology,Code repository,2012-07-05,,,,,I use it mainly to mirror some projects I have on GitHub.
GitLab,https://about.gitlab.com/,riceissa,https://gitlab.com/riceissa,Programming,Technology,Code repository,2017-06-19,,,,,I use GitHub instead.
Stack Overflow,https://stackoverflow.com/,riceissa,https://stackoverflow.com/users/3422337/riceissa,Programming,Technology,Question and answer,2014-03-15,,,,,
Mathematics Stack Exchange,https://math.stackexchange.com/,riceissa,https://math.stackexchange.com/users/35525/riceissa,Mathematics,Math,Question and answer,2012-07-10,,,,,
Stack Exchange,https://stackexchange.com/,riceissa,http://stackexchange.com/users/1643345/riceissa?tab=accounts,Various,Mainstream,Question and answer,2012-07-10,,,,,
Hacker News,https://news.ycombinator.com/,IssaRice,https://news.ycombinator.com/user?id=IssaRice,Programming,Technology,Discussion,2014-12-27,,,,,
Vim Tips Wiki,http://vim.wikia.com/wiki/Vim_Tips_Wiki?useskin=monobook,IssaRice,http://vim.wikia.com/wiki/Special:Contributions/IssaRice?useskin=monobook,Programming,Technology,Wiki,2016-05-20,1,1,2,2,
Cognito Mentoring Wiki,https://info.cognitomentoring.org/wiki/Main_Page,Riceissa,https://info.cognitomentoring.org/wiki/User:Riceissa,Mentoring,Vipul Naik,Wiki,2014-09-12,,,,,This wiki was created by Vipul Naik and Jonah Sinick.
Machine Learning Subwiki,https://machinelearning.subwiki.org/wiki/Main_Page,IssaRice,https://machinelearning.subwiki.org/wiki/Special:Contributions/IssaRice,Mathematics,Vipul Naik,Wiki,2016-05-08,,,,,This wiki was created by Vipul Naik.
Demography Subwiki,https://demography.subwiki.org/wiki/Main_Page,IssaRice,https://demography.subwiki.org/wiki/Special:Contributions/IssaRice,Demography,Vipul Naik,Wiki,2016-05-22,,,,,This wiki was created by Vipul Naik.
Calculus Subwiki,https://calculus.subwiki.org/wiki/Main_Page,IssaRice,https://calculus.subwiki.org/wiki/Special:Contributions/IssaRice,Mathematics,Vipul Naik,Wiki,2016-05-08,,,,,This wiki was created by Vipul Naik. Apparently I have never made an edit on this wiki.
Development Economics Subwiki,https://devec.subwiki.org/wiki/Main_Page,Issa Rice,https://devec.subwiki.org/wiki/Special:Contributions/Issa_Rice,Development economics,Vipul Naik,Wiki,2017-09-09,,,,,This wiki was created by Vipul Naik.
WordPress.com,https://wordpress.com/,riceissa,https://riceissa.wordpress.com/,Various,Mainstream,Blog,2012-07-08,,,,,The join date here is the date on which the <a href=""https://riceissa.wordpress.com/"">eponymous blog</a> was created; the join date for the account itself might be earlier.
Reddit,https://www.reddit.com/,riceissa,https://www.reddit.com/user/riceissa/,Various,Mainstream,Discussion,2014-09-11,2,0,2,1,
Archiveteam wiki,http://archiveteam.org/index.php?title=Main_Page,IssaRice,http://archiveteam.org/index.php?title=Special:Contributions/IssaRice,Digital preservation,Technology,Wiki,2015-07-14,,,,,
Internet Archive,https://archive.org/,@issarice,https://archive.org/details/@issarice,Digital preservation,Technology,Archive,2015-09-10,,,,,The join date is my best guess based on email records.
Goodreads,https://www.goodreads.com/,riceissa,https://www.goodreads.com/riceissa,Various,Mainstream,Social cataloging,2015-10-07,,,,,
MyAnimeList,https://myanimelist.net/,riceissa,http://myanimelist.net/profile/riceissa,Culture,Japan,Social cataloging,2015-12-25,,,,,
Couchsurfing,https://www.couchsurfing.com/,Issa-Rice,https://www.couchsurfing.com/people/Issa-Rice,Networking,Mainstream,Social media,2015-05-20,,,,,
Disqus,https://disqus.com/,riceissa,https://disqus.com/by/riceissa/,Various,Mainstream,Discussion,2012-11-22,,,,,I made a couple of scattered comments using the service but haven’t used it in years.
ProtonMail,https://protonmail.com/,riceissa,mailto:riceissa@protonmail.com,Various,Technology,Email,2017-06-18,0,0,0,0,I signed up just to see what it’s like.
IndieWeb Wiki,https://indieweb.org/,Issarice.com,https://indieweb.org/Special:Contributions/Issarice.com,Content creation,Technology,Wiki,2017-06-19,0,0,0,0,I discovered this wiki one day while reading about <a href=""https://en.wikipedia.org/wiki/Linkback"">linkbacks</a>.
